{"options":{"check_for_updates":true,"comment":null,"compatopts_for_requires":true,"compat_wrappedjsobject":false,"compat_metadata":false,"compat_foreach":false,"compat_arrayleft":false,"compat_uW_gmonkey":false,"compat_forvarin":false,"noframes":null,"awareOfChrome":false,"run_at":null,"override":{"use_includes":[],"orig_includes":["http://boards.4chan.org/*","https://boards.4chan.org/*","http://boards.4channel.org/*","https://boards.4channel.org/*","http://sys.4chan.org/*","https://sys.4chan.org/*","http://a.4cdn.org/*","https://a.4cdn.org/*","http://i.4cdn.org/*","https://i.4cdn.org/*","http://is.4chan.org/*","https://is.4chan.org/*","http://is2.4chan.org/*","https://is2.4chan.org/*"],"merge_includes":true,"use_matches":[],"orig_matches":[],"merge_matches":true,"use_excludes":[],"orig_excludes":[],"merge_excludes":true,"use_connects":[],"merge_connects":true,"use_blockers":[],"orig_run_at":"document-start","orig_noframes":null}},"settings":{"enabled":true,"position":2},"meta":{"name":"4chan x","uuid":"b761e789-cd53-42ce-a3bb-5db0cdf59a18","modified":1609795817361,"file_url":"https://github.com/loadletter/4chan-x/raw/master/4chan_x.user.js"}}