{"options":{"check_for_updates":true,"comment":null,"compatopts_for_requires":true,"compat_wrappedjsobject":false,"compat_metadata":false,"compat_foreach":false,"compat_arrayleft":false,"compat_uW_gmonkey":false,"compat_forvarin":false,"noframes":null,"awareOfChrome":false,"run_at":null,"override":{"use_includes":[],"orig_includes":[],"merge_includes":true,"use_matches":[],"orig_matches":["https://github.com/*","https://gist.github.com/*"],"merge_matches":true,"use_excludes":[],"orig_excludes":[],"merge_excludes":true,"use_connects":[],"merge_connects":true,"use_blockers":[],"orig_run_at":"document-idle","orig_noframes":true}},"settings":{"enabled":true,"position":4},"meta":{"name":"Download github repo sub-folder","uuid":"13509e24-4b9e-4873-802e-3d1ca38011ca","modified":1609796828058,"file_url":"https://greasyfork.org/scripts/411834-download-github-repo-sub-folder/code/Download%20github%20repo%20sub-folder.user.js"}}