{
    "categories": {
        "Appearance": [{
            "name": "addAuthorNameToInboxNotifications",
            "desc": "Add the author's name to notifications in the inbox",
            "extended_description": "If you receive a comment/answer/suggested edit notification, this feature will add the name of the author of the comment/answer/edit to the notification",
            "meta": "",
            "match": "",
            "exclude": "",
            "settings": [{
                "id": "addNameBeforeMessageOrAtTop",
                "type": "checkbox",
                "desc": "Show name before contents (e.g. [name]: message) rather than at top (e.g. 'comment by [name]')?"
            }],
            "feature_packs": ["power_user"],
            "usesApi": true
        }, {
            "name": "alignBadgesByClass",
            "desc": "Align badges by their class on user profile pages",
            "meta": "https://meta.stackexchange.com/q/254607",
            "match": "*://*/users/*",
            "exclude": "SE1.0"
        }, {
            "name": "answerTagsSearch",
            "desc": "Show tags for the question an answer belongs to on search pages (for better context)",
            "extended_description": "By default, any search results that are answers do not show its question's tags. This feature adds the question's tags underneath the result.",
            "meta": "https://meta.stackexchange.com/q/197874",
            "match": "*://*.com/search*",
            "exclude": "SE1.0",
            "feature_packs": ["power_user"],
            "usesApi": true
        }, {
            "name": "colorAnswerer",
            "desc": "Color answerer's comments",
            "extended_description": "Highlight the username of a commenter if they have posted an answer on that page.",
            "meta": "https://meta.stackexchange.com/q/19574",
            "match": "*://*/questions/*",
            "exclude": "SE1.0,*://*/questions/ask,*://*/questions/tagged*,*://*/questions/greatest-hits*",
            "feature_packs": ["major_ui", "key_feature", "power_user"]
        }, {
            "name": "displayName",
            "desc": "Add display name before gravatar in topbar",
            "meta": "https://meta.stackexchange.com/q/209992",
            "match": "",
            "exclude": "*://chat.*.com/*,SE1.0"
        }, {
            "name": "dragBounty",
            "desc": "Make bounty box draggable",
            "meta": "https://meta.stackexchange.com/q/170125",
            "match": "*://*/questions/*",
            "exclude": "SE1.0,*://*/questions/ask,*://*/questions/tagged*,*://*/questions/greatest-hits*"
        }, {
            "name": "highlightQuestions",
            "desc": "Change highlighting for questions with favourite tags",
            "extended_description": "Changes the favourite tag question highlighting to be a more subtle, coloured left-border",
            "meta": "https://meta.stackexchange.com/q/238591",
            "match": "",
            "exclude": "*://chat.*.com/*,*://*/questions/*,*://*/questions/ask",
            "feature_packs": ["major_ui", "key_feature", "power_user"]
        }, {
            "name": "isQuestionHot",
            "desc": "Add a label on questions which are hot-network questions",
            "extended_description": "If the question you are currently viewing is HOT, a flame icon is added next to the title",
            "meta": "https://meta.stackexchange.com/q/245390",
            "match": "*://*/questions/*,*://*/search*,*://*/?",
            "exclude": "SE1.0,*://*/questions/ask,*://meta.*/*",
            "usesApi": true
        }, {
            "name": "localTimestamps",
            "desc": "Convert timestamps to your local time",
            "extended_description": "Displays timestamps based on your time zone. You can also display time in 12-hour format by checking the option.",
            "meta": "",
            "match": "",
            "exclude": "SE1.0",
            "settings": [{
                "id": "twelveHours",
                "type": "checkbox",
                "desc": "Use 12-hour format?"
            }]
         }, {
            "name": "markEmployees",
            "desc": "Adds the Stack Exchange logo after employee names to make them stand out",
            "meta": "https://meta.stackexchange.com/q/246678",
            "match": "",
            "exclude": "*://chat.*.com/*,SE1.0,*://*/questions/ask",
            "feature_packs": ["major_ui", "key_feature", "power_user"],
            "usesApi": true
        }, {
            "name": "metaChatBlogStackExchangeButton",
            "desc": "Show meta and chat buttons on hover of a site under the site switcher button",
            "meta": "https://meta.stackexchange.com/q/256183",
            "match": "",
            "exclude": "*://chat.*.com/*"
        }, {
            "name": "metaNewQuestionAlert",
            "desc": "Add a mod diamond to the topbar to alert you of new questions on the site's child-meta",
            "meta": "https://meta.stackexchange.com/q/256318",
            "match": "",
            "exclude": "*://chat.*.com/*,SE1.0",
            "feature_packs": ["power_user"],
            "usesApi": true
        }, {
            "name": "scrollToTop",
            "desc": "Add Scroll To Top button",
            "extended_description": "This feature adds an up arrow at the bottom-right of your screen, that will jump to the top of the page when clicked",
            "meta": "",
            "match": "",
            "exclude": "*://chat.*.com/*"
        }, {
            "name": "spoilerTip",
            "desc": "Differentiate spoilers from empty blockquotes",
            "meta": "https://meta.stackexchange.com/q/104085",
            "match": "*://*/questions/*,*://*/review*",
            "exclude": "SE1.0,*://*/questions/ask,*://*/questions/tagged*,*://*/questions/greatest-hits*"
        }, {
            "name": "standOutDupeCloseMigrated",
            "desc": "Add highlighted tags to closed/on hold/duplicate/migrated questions on question lists and review",
            "extended_description": "Adds a coloured box at the end of a title (that replaces the standard [duplicate], etc.) in question lists to more easily tell what the state of a question is",
            "meta": "https://meta.stackexchange.com/q/257021",
            "match": "*://*.*/,*://*.*/questions*,*://*.*/review*",
            "exclude": "*://chat.*.com/*,SE1.0",
            "feature_packs": ["major_ui, key_feature", "power_user"],
            "usesApi": true
        }, {
            "name": "tabularReviewerStats",
            "desc": "Display reviewer stats on /review/suggested-edits in table form",
            "meta": "https://meta.stackexchange.com/q/276946",
            "match": "*://*.com/review/suggested-edits/*",
            "exclude": "",
            "feature_packs": ["power_user"]
        }, {
            "name": "topAnswers",
            "desc": "Improve answer visibility by listing top answers",
            "meta": "",
            "match": "*://*/questions/*",
            "exclude": "SE1.0,*://*/questions/ask,*://*/questions/tagged*,*://*/questions/greatest-hits*"
        }, {
            "name": "unspoil",
            "desc": "Add a link to the bottom of a post to reveal all spoilers in a post",
            "meta": "https://meta.stackexchange.com/q/249808",
            "match": "*://*/questions*",
            "exclude": "SE1.0,*://*/questions/ask,*://*/questions/tagged*,*://*/questions/greatest-hits*"
        }, {
            "name": "addTimelineAndRevisionLinks",
            "desc": "Add a revision link to the bottom of each post for quick access",
            "meta": "",
            "match": "*://*/questions/*,*://*/review*",
            "exclude": "*://*/questions/ask,*://*/questions/tagged*,*://*/questions/greatest-hits*",
            "feature_packs": ["power_user"]
        }, {
            "name": "showTagWikiLinkOnTagPopup",
            "desc": "Add a link to the tag wiki page on the popup that appears when hovering over a tag",
            "meta": "",
            "match": "*://*/questions*,*://*/review*,*://*/tags*",
            "exclude": "",
            "feature_packs": ["power_user"]
        }, {
            "name": "hideWelcomeBackMessage",
            "desc": "Hide the 'welcome back...don't forget to vote' message when visiting a site after a while",
            "meta": "",
            "match": "*://*/questions*",
            "exclude": "*://*/questions/ask"
        }, {
            "name": "openImagesAsModals",
            "desc": "Open imgur images as larger modals on click",
            "extended_description": "When clicking on an image that is hosted on Stack Exchange's imgur account, a modal will open showing a larger version of the image. If you still want to open the image in a new tab, there is a 'source' link in the modal.",
            "meta": "",
            "match": "*://*/questions/*,*://*/review/*",
            "exclude": "*://*/questions/ask,*://*/questions/tagged*,*://*/questions/greatest-hits*"
        }],
        "Comments": [{
            "name": "autoShowCommentImages",
            "desc": "View linked images (to imgur) in comments inline",
            "extended_description": "This feature will automatically detect comments with links to imgur and will display them inline",
            "meta": "",
            "match": "*://*/questions/*,*://*/review*",
            "exclude": "SE1.0,*://*/questions/ask,*://*/questions/tagged*,*://*/questions/greatest-hits*",
            "feature_packs": ["major_ui, key_feature", "power_user"]
        }, {
            "name": "commentReplies",
            "desc": "Add reply links to comments for quick replying (without having to type someone's username)",
            "meta": "https://meta.stackexchange.com/q/74778",
            "match": "*://*/questions/*,*://*/review*",
            "exclude": "SE1.0,*://*/questions/ask,*://*/questions/tagged*,*://*/questions/greatest-hits*",
            "feature_packs": ["power_user"]
        }, {
            "name": "commentShortcuts",
            "desc": "Use Ctrl+I,B,K (to italicise, bolden and add code backticks) in comments",
            "meta": "https://meta.stackexchange.com/q/14756",
            "match": "*://*/questions/*",
            "exclude": "SE1.0,*://*/questions/ask,*://*/questions/tagged*,*://*/questions/greatest-hits*"
        }, {
            "name": "confirmNavigateAway",
            "desc": "Add a confirmation dialog when navigating away on pages whilst still typing a comment",
            "meta": "https://meta.stackexchange.com/q/252205",
            "match": "*://*/questions/*",
            "exclude": "SE1.0,*://*/questions/ask,*://*/questions/tagged*,*://*/questions/greatest-hits*"
        }, {
            "name": "copyCommentsLink",
            "desc": "Copy 'show x more comments' link to the top",
            "meta": "https://meta.stackexchange.com/q/55020",
            "match": "*://*/questions/*",
            "exclude": "SE1.0,*://*/questions/ask,*://*/questions/tagged*,*://*/questions/greatest-hits*"
        }, {
            "name": "moveBounty",
            "desc": "Move the 'start a bounty' link before the comments",
            "meta": "https://meta.stackexchange.com/q/234095",
            "match": "*://*/questions/*",
            "exclude": "SE1.0,*://*/questions/ask,*://*/questions/tagged*,*://*/questions/greatest-hits*"
        }, {
            "name": "showCommentScores",
            "desc": "Show your comment and comment replies scores in your profile tabs",
            "extended_description": "Adds a button next to comments in your profile's responses/activity tabs that when clicked, show you the score of your comment",
            "meta": "https://meta.stackexchange.com/q/38285",
            "match": "*://*/users/*",
            "exclude": "SE1.0,*://chat.*.com/*",
            "usesApi": true
        }, {
            "name": "hiddenCommentsIndicator",
            "desc": "Add a darker border underneath comments if there are some hidden after it",
            "meta": "https://meta.stackoverflow.com/q/296582",
            "match": "*://*/questions/*,*://*/review*",
            "exclude": "SE1.0,*://*/questions/ask,*://*/questions/tagged*,*://*/questions/greatest-hits*",
            "feature_packs": ["power_user"]
        }, {
            "name": "onlyShowCommentActionsOnHover",
            "desc": "Only show the comment actions (flag/upvote) when hovering over a comment",
            "meta": "https://meta.stackexchange.com/q/312794",
            "match": "*://*/questions/*,*://*/review*",
            "exclude": "*://*/questions/ask,*://*/questions/tagged*,*://*/questions/greatest-hits*"
        }, {
            "name": "copyCommentMarkdown",
            "desc": "Add a button to copy the markdown of a comment next to them",
            "meta": "",
            "match": "*://*/questions/*,*://*/review*",
            "exclude": "*://*/questions/ask,*://*/questions/tagged*,*://*/questions/greatest-hits*",
            "usesApi": true,
            "feature_packs": ["power_user"]
        }],
        "Editing": [{
            "name": "addSBSBtn",
            "desc": "Add a button to the editor toolbar to start side-by-side editing with the markdown editor and preview",
            "extended_description": "An 'SBS' button is added to the right of the markdown editor toolbar. Clicking it will make the markdown and the preview appear side-by-side",
            "meta": "https://meta.stackexchange.com/q/253112",
            "match": "*://*/questions/*",
            "exclude": "SE1.0,*://*/questions/ask,*://*/questions/tagged*,*://*/questions/greatest-hits*",
            "settings": [{
                "id": "sbsByDefault",
                "type": "checkbox",
                "desc": "Automatically enable SBS on all posts?"
            }],
            "feature_packs": ["key_feature", "power_user"]
        }, {
            "name": "editComment",
            "desc": "Pre-defined edit comment options (checkboxes)",
            "extended_description": "Adds checkboxes to add canned messages for edit revisions when editing. You can make *your own* canned responses by clicking the 'Edit Reasons' button that is added to the Help dropdown menu in the topbar",
            "meta": "https://meta.stackexchange.com/q/190461",
            "match": "*://*/questions/*",
            "exclude": "SE1.0,*://*/questions/ask,*://*/questions/tagged*,*://*/questions/greatest-hits*",
            "feature_packs": ["power_user"]
        }, {
            "name": "editReasonTooltip",
            "desc": "Add a tooltip to posts showing the last revision's comment",
            "extended_description": "When a post is edited, the editor is displayed underneath the post. This feature will show what the last revision's comment was as a tooltip when you hover over 'edited' underneath a post in 'edited [date] at [time]'",
            "meta": "https://meta.stackexchange.com/q/2315",
            "match": "*://*/questions/*,*://*/review*",
            "exclude": "SE1.0,*://*/questions/ask,*://*/questions/tagged*,*://*/questions/greatest-hits*",
            "feature_packs": ["power_user"],
            "usesApi": true
        }, {
            "name": "findAndReplace",
            "desc": "Add a find & replace feature to the markdown editor",
            "extended_description": "",
            "meta": "",
            "match": "*://*/questions/*,*://*/review*",
            "exclude": "SE1.0,*://*/questions/tagged*,*://*/questions/greatest-hits*"
        }, {
            "name": "kbdAndBullets",
            "desc": "Add KBD and list buttons to editor toolbar",
            "extended_description": "Adds a kbd and bullet icon to the markdown editor toolbar that lets you surround the selected text with KBD tags or listify's the current selection",
            "meta": "https://meta.stackexchange.com/q/102841",
            "match": "*://*/questions/*,*://*/review*",
            "exclude": "SE1.0,*://*/questions/tagged*,*://*/questions/greatest-hits*"
        }, {
            "name": "titleEditDiff",
            "desc": "Make title edits show separately rather than merged in edit suggestions",
            "meta": "https://meta.stackexchange.com/q/135710",
            "match": "*://*.*/review/suggested-edits*",
            "exclude": ""
        }, {
            "name": "inlineEditorEverywhere",
            "desc": "Inline editor regardless of reputation",
            "extended_description": "Enables the inline editor on all sites, even if you don't have 2k rep there yet. Note: this feature may not work on Firefox.",
            "meta": "",
            "match": "*://*/questions/*",
            "exclude": "*://*/questions/ask,*://*/questions/tagged*,*://*/questions/greatest-hits*"
        }],
        "Flags": [{
            "name": "flagOutcomeTime",
            "desc": "Show the flag outcome time when viewing your Flag History",
            "meta": "",
            "match": "*://*/users/*",
            "exclude": "*://chat.*.com/*,SE1.0"
        }, {
            "name": "flagPercentages",
            "desc": "Show flagging percentages for each type in the Flag Summary",
            "meta": "",
            "match": "*://*/users/*",
            "exclude": "*://chat.*.com/*,SE1.0",
            "feature_packs": ["power_user"]
        }, {
            "name": "flagPercentageBar",
            "desc": "Show the total percentage of helpful flags as a coloured bar on the Flag Summary Page",
            "meta": "https://meta.stackoverflow.com/q/310881",
            "match": "*://*/users/*",
            "exclude": "*://chat.*.com/*,SE1.0",
            "feature_packs": ["power_user"]
        }],
        "Sidebar": [{
            "name": "hideCommunityBulletin",
            "desc": "Hide the Community Bulletin module",
            "meta": "",
            "match": "",
            "exclude": "*://chat.*.com/*"
        }, {
            "name": "hideJustHotMetaPosts",
            "desc": "Hide just the 'Hot Meta Posts' sections in the Community Bulletin",
            "meta": "",
            "match": "",
            "exclude": "*://chat.*.com/*"
        }, {
            "name": "hideHireMe",
            "desc": "Hide the Looking for a Job module",
            "meta": "",
            "match": "",
            "exclude": "*://chat.*.com/*"
        }, {
            "name": "hideChatSidebar",
            "desc": "Hide the Chat module",
            "meta": "",
            "match": "",
            "exclude": "*://chat.*.com/*"
        }, {
            "name": "hideLoveThisSite",
            "desc": "Hide the 'Love this site?' module",
            "meta": "",
            "match": "",
            "exclude": "*://chat.*.com/*,*://*/review*"
        }, {
            "name": "linkedToFrom",
            "desc": "Add an arrow to linked posts in the sidebar to show whether they are linked to or linked from",
            "meta": "https://meta.stackexchange.com/q/276235",
            "match": "*://*/questions/*",
            "exclude": "*://*/questions/ask,*://*/questions/tagged*,*://*/questions/greatest-hits*,SE1.0",
            "usesApi": true
        }, {
            "name": "hotNetworkQuestionsFiltering",
            "desc": "Filter the hot network questions by their attributes",
            "meta": "",
            "match": "",
            "exclude": "*://chat.*.com/*,SE1.0",
            "settings": [{
                "id": "wordsToBlock",
                "type": "textarea",
                "desc": "Words to block from titles (comma-separated)"
            }, {
                "id": "sitesToBlock",
                "type": "textarea",
                "desc": "Sites to block (comma-separated match patterns)"
            }, {
                "id": "titlesToHideRegex",
                "type": "textarea",
                "desc": "Titles to hide (comma-separated regexes)"
            }],
            "feature_packs": ["key_feature"],
            "usesApi": true
        }, {
            "name": "addTagsToHNQs",
            "desc": "Show HNQ tags on hover in the sidebar",
            "extended_description": "When hovering over a question title in the Hot Network Questions sidebar, the question's tags from the originating site will be shown",
            "meta": "",
            "match": "*://*/*",
            "exclude": "SE1.0",
            "usesApi": true
        }],
        "Chat": [{
            "name": "chatEasyAccess",
            "desc": "Add buttons to user profiles to change user write access directly from a chat room",
            "meta": "https://meta.stackexchange.com/q/203480",
            "match": "*://chat.*.com/*",
            "exclude": ""
        },  {
            "name": "replyToOwnChatMessages",
            "desc": "Add reply signs to your own chat messages",
            "meta": "",
            "match": "*://chat.*.com/rooms/*",
            "exclude": ""
        }, {
            "name": "renameChat",
            "desc": "Prepend 'Chat - ' to chat tabs' titles",
            "meta": "https://meta.stackexchange.com/q/246289",
            "match": "*://chat.*.com/*",
            "exclude": ""
        }, {
            "name": "scrollChatRoomsList",
            "desc": "Enable scrolling for room list in usercards and sidebar when there are many rooms",
            "extended_desc": "Enable scrolling in the room list within usercards and sidebar when there's a significant amount of rooms in the list, rather than the list overflowing and hiding some content.",
            "meta": "https://meta.stackexchange.com/q/183479",
            "match": "*://chat.*.com/rooms/*",
            "exclude": ""
        }],
        "Voting": [{
            "name": "betterCSS",
            "desc": "Add extra CSS for animation actions on voting and favourite buttons",
            "extended_description": "Pulse effect when hovering over the upvote/downvote/favourite buttons. Currently only implemented natively on Android.SE.",
            "meta": "https://meta.stackexchange.com/q/252685",
            "match": "*://*/questions/*,*://*/review*",
            "exclude": "SE1.0,*://*/questions/ask,*://*/questions/tagged*,*://*/questions/greatest-hits*",
            "feature_packs": ["major_ui"]
        }, {
            "name": "stickyVoteButtons",
            "desc": "Make vote buttons next to posts sticky whilst scrolling on that post",
            "meta": "https://meta.stackexchange.com/a/35047",
            "match": "*://*/questions/*,*://*/review*",
            "exclude": "SE1.0,*://*/questions/ask,*://*/questions/tagged*,*://*/questions/greatest-hits*",
            "feature_packs": ["major_ui, key_feature", "power_user"]
        }, {
            "name": "disableVoteButtons",
            "desc": "Disable vote buttons on your own posts and deleted posts, which you cannot vote on",
            "meta": "",
            "match": "*://*/questions/*",
            "exclude": "SE1.0,*://*/questions/ask,*://*/questions/tagged*,*://*/questions/greatest-hits*"
        }],
        "Extras": [{
            "name": "linkedPostsInline",
            "desc": "Display linked posts inline by clicking on an arrow",
            "extended_description": "Adds a button next to Stack Exchange posts that expand to show the post inline",
            "meta": "",
            "match": "*://*/questions/*,*://*/review*",
            "exclude": "SE1.0,*://*/questions/ask,*://*/questions/tagged*,*://*/questions/greatest-hits*",
            "usesApi": true
        }, {
            "name": "parseCrossSiteLinks",
            "desc": "Parse titles to links cross-SE-sites",
            "extended_description": "Detects links to other questions on SE sites and converts them to their title",
            "meta": "https://meta.stackexchange.com/q/251183",
            "match": "*://*/questions/*,*://*/review*",
            "exclude": "SE1.0,*://*/questions/ask,*://*/questions/tagged*,*://*/questions/greatest-hits*",
            "usesApi": true
        }, {
            "name": "quickAuthorInfo",
            "desc": "Show when the post's author was last seen and whether they are registered",
            "meta": "",
            "match": "*://*/questions*,*://*/review*",
            "exclude": "SE1.0,*://*/questions/ask,*://chat.*.com/*",
            "feature_packs": ["power_user"],
            "usesApi": true
        }, {
            "name": "shareLinksPrivacy",
            "desc": "Remove your user ID from the 'share' link",
            "extended_description": "When you click 'share' under a post, this displays a referral link, which incorporates your user ID. This option strips your user ID from the displayed link, preventing inadvertent privacy leaks when disseminating the link via copy-paste. The social-media sharing buttons are unaffected, since the lack of privacy is obvious.",
            "meta": "https://meta.stackexchange.com/q/74274",
            "match": "*://*/questions/*,*://*/review*",
            "exclude": "SE1.0,*://*/questions/ask,*://*/questions/tagged*,*://*/questions/greatest-hits*",
            "feature_packs": ["power_user"]
        }, {
            "name": "shareLinksMarkdown",
            "desc": "Change 'share' link to format of [post-name](url)",
            "extended_description": "When you click 'share' under a post, this will convert the URL given to a markdown-friendly version, with the post name as the link text. This feature also automatically copies the converted string to your clipboard",
            "meta": "https://meta.stackexchange.com/q/126544",
            "match": "*://*/questions/*,*://*/review*",
            "exclude": "SE1.0,*://*/questions/ask,*://*/questions/tagged*,*://*/questions/greatest-hits*"
        }, {
            "name": "sortByBountyAmount",
            "desc": "Add an option to filter bounties by their amount",
            "meta": "https://meta.stackexchange.com/q/7753",
            "match": "",
            "exclude": "*://*/users/*,*://chat.*.com/*,SE1.0,*://*/questions/*,*://*/review*"
        }, {
            "name": "warnNotLoggedIn",
            "desc": "Warn you when you are not logged in",
            "meta": "",
            "match": "",
            "exclude": "*://chat.*.com/*,SE1.0"
        }, {
            "name": "hideCertainQuestions",
            "desc": "Hide on hold, closed, or duplicate questions or deleted answers",
            "meta": "",
            "match": "",
            "exclude": "*://chat.*.com/*",
            "settings": [{
                "id": "duplicate",
                "type": "checkbox",
                "desc": "Hide duplicate questions?"
            }, {
                "id": "closed",
                "type": "checkbox",
                "desc": "Hide closed questions?"
            },  {
                "id": "migrated",
                "type": "checkbox",
                "desc": "Hide migrated questions?"
            }, {
                "id": "onHold",
                "type": "checkbox",
                "desc": "Hide on hold questions?"
            }, {
                "id": "deletedAnswers",
                "type": "checkbox",
                "desc": "Hide deleted answers?"
            }]
        }, {
            "name": "showMetaReviewCount",
            "desc": "Add how many reviews are available on Meta to the main site review page",
            "meta": "",
            "match": "*://*/review",
            "exclude": "*://meta.*.com/*"
        }, {
            "name": "copyCode",
            "desc": "Add a button to code in posts to let you copy it",
            "meta": "",
            "match": "*://*/questions/*,*://*/review*",
            "exclude": "*://*/questions/ask,*://*/questions/tagged*,*://*/questions/greatest-hits*"
        }, {
            "name": "dailyReviewBar",
            "desc": "Add a progress bar showing how many reviews you have left in the day",
            "meta": "",
            "match": "*://*/review*",
            "exclude": ""
        }, {
            "name": "openLinksInNewTab",
            "desc": "Open any links to the specified sites in a new tab by default",
            "extended_description": "You need to set the sites yourself by clicking the button next to this feature",
            "meta": "",
            "match": "*://*/questions*",
            "exclude": "",
            "settings": [{
                "id": "linksToOpenInNewTab",
                "type": "textarea",
                "desc": "Links to open in new tab (comma-separated match patterns)"
            }]
        }, {
            "name": "addOnTopicLinkToSiteSwitcher",
            "desc": "Replace the 'help' link with an 'on-topic' link in the site switcher dropdown",
            "meta": "",
            "match": "",
            "exclude": "*://chat.*.com/*,SE1.0"
        }, {
            "name": "customMagicLinks",
            "desc": "Add custom magic links to comments and posts",
            "extended_description": "Allows you to create your own magic links ('[text]' auto-converts to a link of your choice). Links can use the placeholders $BASEURL, $METABASEURL, $QUESTIONID, and $ANSWERID which are auto-replaced with the respective data. You can set the reasons by clicking the 'Magic Links' button added to the 'Help' dropdown at the top-right of the page. See https://stackapps.com/q/6650 for more details.",
            "meta": "",
            "match": "",
            "exclude": "*://chat.*.com/*,SE1.0,*://*/questions/ask",
            "feature_packs": ["power_user"]
        }]
    }
}

