{"options":{"check_for_updates":true,"comment":null,"compatopts_for_requires":true,"compat_wrappedjsobject":false,"compat_metadata":false,"compat_foreach":false,"compat_arrayleft":false,"compat_uW_gmonkey":false,"compat_forvarin":false,"noframes":null,"awareOfChrome":false,"run_at":null,"override":{"use_includes":[],"orig_includes":[],"merge_includes":true,"use_matches":[],"orig_matches":["https://*.stackoverflow.com/*","https://*.stackexchange.com/*","https://*.superuser.com/*","https://*.serverfault.com/*","https://*.askubuntu.com/*","https://*.stackapps.com/*","https://*.mathoverflow.net/*","*://github.com/soscripted/*","*://soscripted.github.io/sox/*"],"merge_matches":true,"use_excludes":[],"orig_excludes":["*://data.stackexchange.com/*","*://api.stackexchange.com/*","*://stackoverflow.com/c/*"],"merge_excludes":true,"use_connects":[],"merge_connects":true,"use_blockers":[],"orig_run_at":"document-idle","orig_noframes":null}},"settings":{"enabled":true,"position":6},"meta":{"name":"Stack Overflow Extras (SOX)","uuid":"93a1a13c-b07c-4ba0-b34b-32c47dd780fc","modified":1609797231190,"file_url":"https://github.com/soscripted/sox/raw/v2.7.0/sox.user.js"}}