{"script_blacklist_server":[{"severity":"2","rules":["/https?:\\/\\/userscripts\\.org\\/scripts\\/(source|version)/(102614).*\\.user\\.js/"]},{"name":"SaveFrom.net helper","severity":"3","rules":["/https?:\\/\\/sf-addon\\.com\\/.*\\/.*\\.user\\.js/","/https?:\\/\\/.*\\.sf-helper\\.com\\/.*\\.user\\.js/"],"reason":"Shows advertisements"},{"severity":"8","reasons":{"en":"Used for a phishing compain to compromise users of baon-nutrition.com"},"rules":["/https?:\\/\\/files\\.ulysse\\.travel\\/.*\\.user\\.js/"]}],"layout":"default#dark","layout_user_css":"","notification_showUpdate":"changelog","favicon_service":"google","statistics_enabled":false}