{"options":{"check_for_updates":true,"comment":null,"compatopts_for_requires":true,"compat_wrappedjsobject":false,"compat_metadata":false,"compat_foreach":false,"compat_arrayleft":false,"compat_uW_gmonkey":false,"compat_forvarin":false,"noframes":null,"awareOfChrome":false,"run_at":null,"override":{"use_includes":[],"orig_includes":["http://boards.4chan.org/*","https://boards.4chan.org/*","http://boards.4channel.org/*","https://boards.4channel.org/*","http://8ch.net/*","https://8ch.net/*","https://archived.moe/*","https://boards.fireden.net/*","http://desuarchive.org/*","https://desuarchive.org/*","http://fgts.jp/*","https://fgts.jp/*","http://boards.38chan.net/*","http://forums.e-hentai.org/*","https://forums.e-hentai.org/*","https://meguca.org/*"],"merge_includes":true,"use_matches":[],"orig_matches":[],"merge_matches":true,"use_excludes":[],"orig_excludes":[],"merge_excludes":true,"use_connects":[],"merge_connects":true,"use_blockers":[],"orig_run_at":"document-start","orig_noframes":null}},"settings":{"enabled":true,"position":3},"meta":{"name":"X-links","uuid":"e98de2c3-0f42-4072-804a-632f8b8fe859","modified":1609795894373,"file_url":"https://raw.githubusercontent.com/dnsev-h/x-links/stable/builds/x-links.user.js"}}