{"options":{"awareOfChrome":false,"check_for_updates":true,"comment":null,"compat_arrayleft":false,"compat_foreach":false,"compat_forvarin":false,"compat_metadata":false,"compat_uW_gmonkey":false,"compat_wrappedjsobject":false,"compatopts_for_requires":true,"noframes":null,"override":{"merge_connects":true,"merge_excludes":true,"merge_includes":true,"merge_matches":true,"orig_connects":[],"orig_excludes":[],"orig_includes":["http://boards.4chan.org/*","https://boards.4chan.org/*","http://boards.4channel.org/*","https://boards.4channel.org/*","http://sys.4chan.org/*","https://sys.4chan.org/*","http://a.4cdn.org/*","https://a.4cdn.org/*","http://i.4cdn.org/*","https://i.4cdn.org/*","http://is.4chan.org/*","https://is.4chan.org/*","http://is2.4chan.org/*","https://is2.4chan.org/*"],"orig_matches":[],"orig_noframes":null,"orig_run_at":"document-start","use_blockers":[],"use_connects":[],"use_excludes":[],"use_includes":[],"use_matches":[]},"run_at":null},"settings":{"enabled":true,"position":3},"meta":{"name":"4chan x","uuid":"b761e789-cd53-42ce-a3bb-5db0cdf59a18","modified":1609795817361,"file_url":"https://github.com/loadletter/4chan-x/raw/master/4chan_x.user.js"}}