{"options":{"awareOfChrome":false,"check_for_updates":true,"comment":null,"compat_arrayleft":false,"compat_foreach":false,"compat_forvarin":false,"compat_metadata":false,"compat_uW_gmonkey":false,"compat_wrappedjsobject":false,"compatopts_for_requires":true,"noframes":null,"override":{"merge_connects":true,"merge_excludes":true,"merge_includes":true,"merge_matches":true,"orig_connects":["raw.githubusercontent.com"],"orig_excludes":[],"orig_includes":[],"orig_matches":["https://github.com/*","https://gist.github.com/*"],"orig_noframes":true,"orig_run_at":"document-idle","use_blockers":[],"use_connects":[],"use_excludes":[],"use_includes":[],"use_matches":[]},"run_at":null},"settings":{"enabled":true,"position":5},"meta":{"name":"Download github repo sub-folder","uuid":"13509e24-4b9e-4873-802e-3d1ca38011ca","modified":1609796828058,"file_url":"https://greasyfork.org/scripts/411834-download-github-repo-sub-folder/code/Download%20github%20repo%20sub-folder.user.js"}}