{"options":{"awareOfChrome":false,"check_for_updates":true,"comment":null,"compat_arrayleft":false,"compat_foreach":false,"compat_forvarin":false,"compat_metadata":false,"compat_uW_gmonkey":false,"compat_wrappedjsobject":false,"compatopts_for_requires":true,"noframes":null,"override":{"merge_connects":true,"merge_excludes":true,"merge_includes":true,"merge_matches":true,"orig_connects":[],"orig_excludes":["*://data.stackexchange.com/*","*://api.stackexchange.com/*","*://stackoverflow.com/c/*"],"orig_includes":[],"orig_matches":["https://*.stackoverflow.com/*","https://*.stackexchange.com/*","https://*.superuser.com/*","https://*.serverfault.com/*","https://*.askubuntu.com/*","https://*.stackapps.com/*","https://*.mathoverflow.net/*","*://github.com/soscripted/*","*://soscripted.github.io/sox/*"],"orig_noframes":null,"orig_run_at":"document-idle","use_blockers":[],"use_connects":[],"use_excludes":[],"use_includes":[],"use_matches":[]},"run_at":null},"settings":{"enabled":true,"position":7},"meta":{"name":"Stack Overflow Extras (SOX)","uuid":"93a1a13c-b07c-4ba0-b34b-32c47dd780fc","modified":1609797231190,"file_url":"https://github.com/soscripted/sox/raw/v2.7.0/sox.user.js"}}