{"options":{"awareOfChrome":false,"check_for_updates":true,"comment":null,"compat_arrayleft":false,"compat_foreach":false,"compat_forvarin":false,"compat_metadata":false,"compat_uW_gmonkey":false,"compat_wrappedjsobject":false,"compatopts_for_requires":true,"noframes":null,"override":{"merge_connects":true,"merge_excludes":true,"merge_includes":true,"merge_matches":true,"orig_connects":["exhentai.org","e-hentai.org","ehgt.org","nhentai.net","hitomi.la","raw.githubusercontent.com","*"],"orig_excludes":[],"orig_includes":["http://boards.4chan.org/*","https://boards.4chan.org/*","http://boards.4channel.org/*","https://boards.4channel.org/*","http://8ch.net/*","https://8ch.net/*","https://archived.moe/*","https://boards.fireden.net/*","http://desuarchive.org/*","https://desuarchive.org/*","http://fgts.jp/*","https://fgts.jp/*","http://boards.38chan.net/*","http://forums.e-hentai.org/*","https://forums.e-hentai.org/*","https://meguca.org/*"],"orig_matches":[],"orig_noframes":null,"orig_run_at":"document-start","use_blockers":[],"use_connects":[],"use_excludes":[],"use_includes":[],"use_matches":[]},"run_at":null},"settings":{"enabled":true,"position":4},"meta":{"name":"X-links","uuid":"e98de2c3-0f42-4072-804a-632f8b8fe859","modified":1609795894373,"file_url":"https://raw.githubusercontent.com/dnsev-h/x-links/stable/builds/x-links.user.js"}}